id,jumlah_penumpang
1,26070167.9311333
2,21766727.2995667
3,23023595.3015
4,20430382.1978
5,24776525.2395333
6,24173968.4391404
